{"best_model_name": "xgboost_model", "best_mse": 6.805168819338629, "best_r2": 0.9072028125910113}