{"best_model_name": "random_forest_model", "best_mse": 9.645880881978513, "best_r2": 0.868466067530014}